age_group,pos_rate,avg_score
18-24,0.21739130434782608,0.24222795567267083
25-34,0.2146118721461187,0.2545166203479452
35-44,0.2535885167464115,0.2979276254822966
45-54,0.29133858267716534,0.2866329541590551
55+,0.23809523809523808,0.25446334712738095
