{
  "test": {
    "auc": 0.46134868421052627,
    "pr_auc": 0.25437239051113414,
    "lift_at_10": 1.0416666666666667
  }
}